{
  "src": [
    "drums.webm",
    "drums.mp3"
  ],
  "sprite": {
    "ClosedHH": [
      0,
      461.5419501133787
    ],
    "Kick(Rock)": [
      2000,
      461.5419501133786
    ],
    "OpenHH": [
      4000,
      923.0839002267572
    ],
    "RideCymbal": [
      6000,
      692.312925170068
    ],
    "Snare(Rock)": [
      8000,
      461.5419501133786
    ],
    "drums": [
      10000,
      11076.916099773243
    ]
  }
}